{
    "no_augmentation": {
        "precision": 0.9954521203135666,
        "recall": 0.9292604501607717,
        "mAP@50": 0.9804333918685043,
        "mAP@50-95": 0.7005932893066602,
        "FPS": 13.411451022167254
    },
    "augmentation": {
        "precision": 0.9989339511580333,
        "recall": 0.9292604501607717,
        "mAP@50": 0.9790774206240969,
        "mAP@50-95": 0.7318469284342679,
        "FPS": 22.101842552991208
    },
    "yolo_obb": {
        "precision": 0.8350731067189519,
        "recall": 0.9046350559403303,
        "mAP@50": 0.9188048972853167,
        "mAP@50-95": 0.4472198234653626,
        "FPS": 9.972525255423518
    },
    "yolo_obb_no_aug": {
        "precision": 0.9236713879999261,
        "recall": 0.9154913170785872,
        "mAP@50": 0.9437746443746773,
        "mAP@50-95": 0.4364190092798615,
        "FPS": 12.243691297941997
    }
}